"","x"
"라씨가",-3.302075212516
"겨울엔",-2.61399405327832
"쫄깃쫄깃해",-2.25524255766125
"위치도",-1.87151992507446
"다시는",-1.7589510865143
"그나마",-1.6962383626453
"불친절",-1.69098493108744
"다른가계보다",-1.58710570524799
"괜찮은",-1.521315227853
"싸가지",-1.48757956830317
"가는게",-1.46322285614099
"주문할때",-1.45696050352661
"따라갑니다",-1.41690702058066
"가지마세요",-1.40403884676124
"나가라는것인지요",-1.4012531287056
"별로였어요",-1.38293548603408
"아까움",-1.3311135831925
"딱딱하고",-1.32533032914042
"맛있던데요",-1.29126693208459
"맛없음",-1.27353621595011
"돼지털나옴",-1.23046078810051
"차라리",-1.2101135075922
"맛잇더라구요",-1.19012066579817
"담겨서",-1.16389684907409
"꽁치를",-1.15985990258718
"아무리",-1.15370160314908
"비싸고",-1.13585577419903
"아까운",-1.12785999697049
"살다살다",-1.11474124413414
"짜증남",-1.09568007140232
"니지가",-1.06552809134425
"사람은",-1.06311260184145
"계산대앞에서",-1.05363935764861
"가보셔도",-1.04253016918665
"아깝다",-1.01482186758508
"마세요",-1.0115929805704
"불친절합니다",-0.999248252301572
"맛없는",-0.998588595149532
"넉넉함이",-0.98968761618172
"별루네요",-0.98855651890385
"별로네요",-0.978225761137608
"하나도",-0.974842464546032
"불친절하네요",-0.965226906974127
"아깝네요",-0.96281554845716
"기본코스",-0.951460503655642
"먹지마세요",-0.949829071302271
"실망이네요",-0.948944762906254
"돼지갈비가",-0.947319373812411
"검정색되가구",-0.945407367359288
"최악이네요",-0.942071615079178
"상태는",-0.937609412964783
"서비스는",-0.929832722955226
"불친절해서",-0.915968024135056
"글쎄요",-0.907925602864283
"장사가",-0.905546845414245
"불친절하고",-0.900471156853128
"물밀면",-0.873512145409607
"기분만",-0.856594470956724
"너무나도",-0.851025330193501
"주세요",-0.849796474809127
"마요네즈",-0.842724088369932
"나왔네요",-0.837020982519997
"어처구니",-0.823173610406818
"들어가게",-0.818611498524752
"서빙하는",-0.817025843079465
"씹혀서",-0.813937754297251
"직원도",-0.809718116534791
"비추입니다",-0.808360355648301
"쓰레기",-0.804768414113207
"이래서",-0.788816359650876
"시키면서",-0.785237264896847
"안되네요",-0.773012204803216
"갔더니",-0.762891030990468
"별한개도",-0.76012570044366
"기분을",-0.751108695228233
"두번다시",-0.744183308927815
"드러워서",-0.74354289476934
"한다는",-0.7337063784186
"계산동",-0.728079889694717
"전화받는",-0.72593132790316
"생각도",-0.706755195450459
"둘째치고",-0.705322057656811
"너무짜요",-0.705188282424216
"찾아가서",-0.704947607007679
"같이나오는",-0.69943509908473
"아까웠어요",-0.696662947072158
"더러워",-0.695805248395796
"튀김옷",-0.688612752570969
"찍어서",-0.688607850860125
"진짜맛없어요",-0.688601188944514
"진동하네요",-0.688599678040576
"새벽에",-0.688421748181027
"기분나쁩니다",-0.688342680719534
"괜찮은데",-0.688316914124906
"표정도",-0.68448353621702
"안주고",-0.672795730009587
"계산할때",-0.67199347050948
"말라있고",-0.664397688299932
"최악의",-0.659292737702932
"카드결제한다니까",-0.643279262005783
"어쩔수",-0.636284914656911
"불친절해요",-0.633933982309689
"전화했더니",-0.627622727164122
"이었습니다",-0.625692062433795
"사장이",-0.623480083138956
"안되는",-0.623193320259602
"했더니",-0.621972477737082
"쌩까고",-0.62008903965777
"알바생이",-0.613528300585375
"무표정에",-0.611494828350251
"그런가",-0.601625430931729
"불쾌하네요",-0.588811179147479
"시키세요",-0.58619917446181
"같던데",-0.582760134862019
"임산부를",-0.572197519575541
"시켰는데",-0.557972846132442
"도시락이었습니다",-0.554738990340127
"말했더니",-0.546957334971562
"테이블",-0.542635646855113
"있는데",-0.539491654991115
"한그릇은",-0.536706199953851
"왜그리",-0.536372684853671
"말투도",-0.528584974263501
"한개도",-0.520386350499541
"별로에요",-0.515852192902357
"괜찮았던",-0.510791995591915
"앞에서",-0.509984316821466
"안시켜",-0.507077553184421
"전화하면",-0.502889277345526
"절대로",-0.501818425516586
"괜찮았는데",-0.498592753064623
"겁먹음",-0.492553396321397
"심각함",-0.490250916096226
"현지인이",-0.489255877084984
"불고기",-0.482542778090088
"손님한테",-0.482040205797785
"이건뭐",-0.47708539563247
"시키려고",-0.47487527958023
"안받음",-0.472594365415932
"초심을",-0.470911051958084
"안가요",-0.466215497933624
"상태로",-0.460704696333044
"배달하시면서",-0.457801170102081
"멋지세요",-0.452935696325472
"내리자마자",-0.448663269514956
"장사좀",-0.446885543978061
"아줌마",-0.446061628814808
"떨어짐",-0.443197757048005
"남친생일이라",-0.441874630895882
"전화로",-0.441467009647142
"그랬어요",-0.441073944649031
"위생상태가",-0.438257802975424
"바닥에",-0.438034667122115
"전화해서",-0.429432733472306
"끊어버림",-0.426083848463797
"조금만",-0.418207947455409
"장사하지마세요",-0.415173758620505
"아닌가",-0.410688094481379
"어떻게",-0.408527258189665
"치킨을",-0.407122838855283
"기다리고",-0.401426182783847
"아까워서",-0.399255790393528
"아깝습니다",-0.390490617140014
"무개념들",-0.389690769324129
"최악입니다",-0.389649078999618
"동네치킨이",-0.386602918616542
"손가는데로",-0.382739209773634
"전화를",-0.38181227351755
"기분별로였네요",-0.380804041857409
"언급하는",-0.380746080098028
"경험을",-0.374668921718437
"서비스교육은",-0.37428157478927
"멀어서",-0.368435870088283
"이따위로",-0.367961298859755
"버리고",-0.365666847960664
"인간적으로",-0.360494056741725
"안되면",-0.353673369023487
"어이없음",-0.352943506123979
"사장인지",-0.35275620931664
"곳이었는데",-0.352148546284912
"원짜리",-0.349669133439903
"별롭니다",-0.348968487975929
"영수증",-0.348671357861661
"포크로",-0.347507100793394
"가격을",-0.347430027723407
"싸가지없네",-0.345051089390552
"맛있는게",-0.342161337639385
"싱겁고",-0.341343067173409
"나왔는데",-0.340904784741889
"검색하다",-0.339253204043108
"자리안내도",-0.338875900702468
"시끄러워서",-0.338134646623097
"모처럼",-0.32007418483831
"불친절에",-0.319553189755208
"운영하니깐",-0.319464913318126
"개실망",-0.318512437709541
"카운터",-0.317422021089095
"수많은",-0.316419115590163
"반개도",-0.308031454959888
"배달이",-0.300795758056588
"하세요",-0.297514700962966
"망합니까",-0.29439878384653
"자기가",-0.291178303558399
"맛없고",-0.289388855524004
"종업원이",-0.289184008461985
"남기고",-0.283843861694293
"주기도",-0.283202474970339
"맞추면서",-0.280911326974192
"병아리",-0.278254976762896
"공기밥별도",-0.278249450421855
"메다가",-0.277067928728385
"풀어준",-0.275939668167136
"음식만",-0.273705276737991
"한입먹고",-0.272890053146832
"별로임",-0.272061167252934
"친절하지",-0.269494239571869
"하는게",-0.269008261976019
"나와서",-0.267071441323355
"않아요",-0.26635949735108
"많이있고",-0.26057952374897
"하던데",-0.259951354481104
"소문만큼",-0.259101573362285
"매운김밥은",-0.25804751798852
"볼수없는",-0.257577138484549
"반드시",-0.257456150551886
"수준은",-0.251312685202901
"면발도",-0.249953953950608
"자주가게",-0.249766602013018
"모듬국밥",-0.240126128925084
"분동안",-0.236741829472985
"젓가락으로",-0.23643202073819
"세상에나",-0.233987253693299
"한곳인데",-0.229759550338522
"그런게",-0.225553538552434
"시켰더니",-0.224949618660279
"입맛엔",-0.223594263871456
"말이됩니까",-0.220110403876127
"순대국밥",-0.219974989890659
"별하나주기도",-0.219961535131662
"소비자를",-0.21974886025279
"아까웠음",-0.218829455070065
"아니네요",-0.217993240334318
"무조건",-0.217418067347692
"알려주는데",-0.215993248584643
"개선이",-0.214382449884149
"적어요",-0.211047586656979
"수원역",-0.208355351041089
"아무도",-0.20808010855604
"하지도",-0.205149782049288
"놀러오세요",-0.195695844113098
"블로거들",-0.193692818093911
"한시간",-0.192931693597589
"아니라고",-0.191819762097667
"블로그",-0.191322635374694
"가져와서",-0.183920192761313
"맛없어요",-0.183701825001588
"보시고",-0.182477031898127
"매우비추천하네요",-0.181943855047455
"써비스는",-0.175159993571328
"없구요",-0.174704784872953
"드시고",-0.174301126669911
"한끼식사지만",-0.172030471966134
"평가글",-0.16981512491393
"국물은",-0.169589744165942
"게다가",-0.164887226615725
"여자들",-0.164601997824977
"중간에",-0.163194711088386
"친철해요",-0.15581831145009
"받으세요",-0.155611765132935
"그대로",-0.154248257827069
"장사를",-0.152102817366473
"위아래로",-0.149419497473983
"별하나도",-0.147025232203533
"평일에",-0.144864941948356
"실망했네요",-0.144417609258237
"눅눅하고",-0.143418952384005
"여기다",-0.14020064530283
"사람한테",-0.138098807366717
"알바생들이",-0.137838115717092
"주인이",-0.136130107659829
"먹었다고",-0.134164535011679
"뱉었습니다",-0.133755185872843
"물어보고",-0.132418156455198
"시켜먹지마세요",-0.128558889061374
"문제니",-0.127876753181139
"교육좀",-0.12679291345713
"아까운집",-0.124357941379504
"싸가지없음",-0.123942025995924
"그렇지",-0.116590825755891
"구린데",-0.115865821480809
"맛도별로",-0.111290750902023
"가득채우고갑니다",-0.107633455601078
"안에서",-0.105705911702527
"손님은",-0.10413058453878
"인사하시는데",-0.103848278788362
"아직도",-0.102528448510287
"산행으로",-0.10026843893313
"밥에서",-0.0990296508646453
"고춧가루맛",-0.0977325903527658
"아이씨",-0.0964064088233045
"인간들",-0.095695410382691
"자기네들끼리",-0.0950048037296086
"있어도",-0.0899851036560175
"손님이",-0.0847071420238922
"하지만",-0.0802505674010158
"형편없고",-0.0800380342744605
"해물칼국수점해물칼국수는전혀아니올시다",-0.0800341260461534
"한우가더좋잖아요이렇게말하고있음어이가없어서돈한우값내고왔내요",-0.0799966088671263
"최악이었어요",-0.0799803353731454
"초심챙기길",-0.0799795270775138
"캐첩개준대놓고라지세트개시켰는데캐첩개주네",-0.0799696454578873
"좋아좋아",-0.0799522482670959
"전화받을때불친절하다단골인데매번느낌장사가잘되서그런건지원래전화받는남자가까칠한성격인건지배달손님도손님인데홀손님만으로도배가부른건가이제거래끊어야겠다",-0.0799403983193635
"여기배달엄청늦게와요",-0.0798932719671633
"영업하나요",-0.0798885935581079
"인과응보다",-0.079885454526415
"안시켜야지",-0.0798638959955566
"실망스럽네요",-0.0798222861730192
"시킬걸",-0.079822229409013
"사과도",-0.0798038578479159
"ㅅㅅㅅ",-0.0798036091987412
"만든다네요",-0.0797648455528467
"분이네요",-0.0797543171519815
"링주화",-0.0797522776815131
"드시겟다면야",-0.0797454878129598
"별하나도아깝다반찬재활용하는듯깍두기에누가먹던깍두기있어서말하니까이빨자국아니고칼로자른거란다우리무시하는듯한표정에말투장사하고싶은맘이있는게맞나싶다이빨자국이랑칼자국이랑도구별못하는줄아나직원들은다똥씹은표정에불친절하고다신안간다주변사람한테도절대가지말라고말해줘야할음식점이다양심도없고인간성도없고돈내고먹으면서기분더러워가면서먹어야하나",-0.0797427371801712
"맛있습니다가보세요",-0.0797397686083399
"느림주문한지",-0.0797317876602792
"네다음사회부적응자들평",-0.0797263799957215
"너무맛나고",-0.079726378567113
"다른점이",-0.0797229800268617
"번호입니다",-0.0797169915216778
"매일가도",-0.0797109606475016
"끔직한",-0.0797070638655448
"빠른쾌유하세요",-0.0796901774018405
"궁떡사랑방",-0.0796792539011243
"들어있는게",-0.0796230548333064
"음식물쓰레기같은",-0.0796187236059551
"맛도없음",-0.0791167448558298
"전화받는사람띠꺼움",-0.0790390346836109
"달라졌네요",-0.0788184100507449
"대단하시네요",-0.0787782299198366
"전통치킨",-0.0787574130721375
"너무말랐어요",-0.0787370419545146
"내렸습니다",-0.0786738805444993
"너무맛나구요",-0.0782458255964086
"육수에넣자",-0.0780683672706887
"맛없다고",-0.0780042245466351
"욕들어먹음",-0.0778816234158761
"다대기",-0.0778404081703785
"연말모임",-0.0777664201820873
"다불어터져서",-0.0774316415366699
"때리러올",-0.0773116247902794
"기대하며갔는데탕수육은",-0.0772403118115347
"앉아서기다리라니마라니",-0.0771546330661294
"안하시는지",-0.0771465359664647
"놀랐네요",-0.0771119117997835
"알바생은무뚝뚝하니",-0.0769598991542371
"꼼장어흙냄새엄청나요",-0.0769120941231335
"아존나",-0.0769055559151095
"그냥그거먹었음",-0.0757668113926769
"싱거움",-0.0754445700125373
"빼세요",-0.0754292391222877
"아웃백",-0.0753862971263129
"고기집ua타지사람들은",-0.0751154969386998
"고무줄인지",-0.0750145456980314
"맛없고비위생",-0.0749692759185858
"곳인가요",-0.0749313661007094
"악담을",-0.0748724542351398
"돈또주고",-0.0743847447332597
"시간만",-0.0742271975392203
"시켜먹것나",-0.0741819426061751
"바꼈는지",-0.074082743364716
"근교에",-0.0740489775142588
"댓글에는",-0.0739761269332141
"싸구요",-0.0737781869954661
"그냥그냥",-0.0737363653862355
"그냥기름범벅임",-0.0731610860445078
"맛이없어",-0.0731541361954322
"궁금하네요",-0.0729430889797023
"술집인가요",-0.0725606426823733
"드시려면",-0.0723501743386607
"삼겹살로",-0.072222113841456
"러서그런거같기도하고",-0.0722164703748185
"네가지가없긴함",-0.0720912172917126
"떡보다",-0.0718372038279783
"성의없는음식",-0.0717696858543862
"불친절하세요",-0.0717069100001794
"송도점보다",-0.0717051325646296
"게시중단시키네요",-0.0716805402622773
"닭집이네요",-0.0715923572014225
"두번다시가기싫다",-0.0711167174903339
"생겨있고",-0.0710277317946294
"배달되는지안되는지",-0.0707693036813642
"안되서",-0.0706973968190033
"맛없네",-0.0706597327990861
"들은척만척",-0.070496074384377
"개별로",-0.0704338222919002
"말귀도못알아듣고",-0.0704230407959525
"별하나도아까움",-0.0703326395679071
"다리하나도없고",-0.070263096709461
"만두는다퍼져서터져잇고얘도식엇기는마찬가지",-0.070257993458407
"불친절진짜",-0.0699995967257432
"생겻나요",-0.0699967466307086
"받으시는분도",-0.0699756590948235
"남자알바생너무불친절해요",-0.0699499128356507
"맛있긴해요",-0.0699294107462439
"두번이나전화했는데",-0.0699135360843861
"또한가지",-0.0697410158660163
"똥집은진짜최악",-0.0696403665682701
"다른가요",-0.0695829893801686
"봉골레가",-0.0695284900506425
"년전좋은추억갖고",-0.0694486656919551
"개끗하더군",-0.0694250956264077
"도랏나",-0.0691373531581464
"배달시간너무늦음",-0.0691366683010898
"나오지도않음",-0.0691194392759362
"다시는안간다",-0.0690073605101252
"또얼마나작던지",-0.0689522072989835
"던화받는아줌마장사하기싫은듯한말투",-0.0686664112954957
"맛있는것도아니고",-0.0686303836392224
"명도예약이가능한가요",-0.0686068399428828
"배달시키고",-0.0684245107848016
"다른빵은",-0.0684124691058608
"댁들덕분에야밤에배고픈채로사네요진짜짜증납니다",-0.068395882592046
"배달안해주네요",-0.0681419678560592
"돈잘벌었으면",-0.0680100569440064
"더럽습니다",-0.0678645940978288
"다른사람한테선물할케잌을",-0.0678521661358532
"넘좋아여",-0.0678304168735212
"하루종일",-0.0677444989420562
"넣어야지",-0.0676773963975144
"동네장사서비스로먹고사는거아닌가다른곳시키려다항상시키는곳시켯더니정말너무하시네요",-0.067632485704291
"눈뜨고",-0.0675856730710831
"맛진짜없어요",-0.0673722536008838
"바꾸면",-0.0673257453767733
"냄새나고",-0.0672290550875712
"버셔서",-0.067135070459956
"무침회",-0.0670401926858228
"모두가",-0.0670397848242075
"느꼈지만",-0.066970110334651
"문어다리",-0.0669592892451425
"내는가몰라",-0.0667989919064233
"날짜도",-0.0666436305908317
"길인데",-0.0666326254982025
"김치넣어서",-0.0664791733277924
"깔끔담백걸쭉한",-0.0664571036752961
"맛있읍니다",-0.0660702072256915
"무서버영",-0.0660529351699549
"못먹어요",-0.0659841078678985
"깜찍한",-0.0659398357196483
"고추가루가",-0.0658479851035529
"글럿다",-0.0657841095732335
"김치국물",-0.0657751815011629
"꼽지만",-0.0656822004164068
"나온건",-0.0656427023573325
"김치마니가따달라니까",-0.0656400280454682
"갈려고하고",-0.0656278028464561
"가겠냐",-0.065480907400593
"괜찬은듯하다",-0.065438810841548
"간격이라도",-0.0653510038418552
"가기싫음",-0.0653012264944812
"그럼그양념고기는어제저녁부터양념과같이있었다는말인가요",-0.0652957491413622
"개판에",-0.0652913413731813
"기존원에서",-0.0652225398857739
"기존의",-0.0652088951613987
"그저그렇네요",-0.0651779693305302
"가봤는네",-0.0651651673221228
"나도안좋은글좀쓰려고왓더니대박이네",-0.0651482490805088
"글고매장너무",-0.0651070586165858
"개쳐넣는듯",-0.0650346604356735
"가던곳이었는데",-0.0649562275238239
"그냥후라이드였음",-0.0647920574757597
"고기몇점인데",-0.0647816358475247
"고만하구요",-0.0647162684711817
"글싸지른게",-0.0646821278366243
"가격저렴하고",-0.0644748843541462
"갓는데",-0.0643241542954703
"근데사이코같은여사장의영업력이최강임",-0.0642110411634114
"구미롯데리아",-0.0641712116987525
"극이네요친절하다",-0.0641527359594205
"고기안좋고",-0.0638622451377675
"구진내나는",-0.0637891433818145
"괜찮쿠",-0.0637549855650532
"고추좀달랬더니",-0.0636726839018936
"가야겠음",-0.063610235104376
"구이로처음먹어봤는데요",-0.0635457493321712
"교촌치킨이야",-0.0635386628986974
"거부를하고ㅈㄹ이야",-0.0632207895728409
"간장보다",-0.0632178852617474
"계산할라하는데",-0.0631750410059217
"관리자",-0.0631414466112141
"가격창렬",-0.0631238644535376
"강춥니다",-0.0630712764033467
"개소리",-0.0630609765409922
"개싸가지",-0.0630491713330925
"가야할텐데",-0.0628746441825415
"겁나불친절함",-0.062845044917247
"계속기다리게하잖아요",-0.0627556586756308
"가기싫으네요",-0.0627504591199802
"교묘하게",-0.0626193609216167
"괴롭다",-0.0625758991433973
"가격장난아님",-0.0625664753941243
"갈치구이",-0.06253526948373
"건방지고",-0.062516732804607
"html",-0.0624216343005985
"고만고만",-0.0623972588383581
"개그맨들의",-0.0623784461242188
"가격비쌈",-0.0623685906599265
"개띠껍고",-0.0623219015667824
"결혼피로연준공식단체행사수련원행사체육대회여름",-0.06222954945937
"iso",-0.0622149244440123
"sbs모닝와이드보구",-0.0621598965540611
"tv나온곳",-0.0621469973461769
"ㄱㄱ하세요",-0.0619943908422644
"건져짐",-0.0617215108191001
"개인적인",-0.0616826171755745
"가게라서",-0.0614365404332405
"대단한",-0.0588515228599093
"이만원에",-0.0563648098346711
"엉망이예요",-0.0562032073779836
"없네요",-0.0496781015807082
"약간이상했지만",-0.0484266702056206
"먹지마",-0.0483541887510027
"기억이",-0.0475863560198608
"갈수록",-0.0444115923348719
"오징어덮밥은",-0.0421655064825377
"주문하고",-0.0369604157431537
"죄송합니다",-0.035166049715148
"처음엔",-0.0349354735772954
"가셔요",-0.0348496961289915
"최소한",-0.0341885944365156
"두개씩",-0.0333044220032623
"안될지경이에요",-0.0314756094069969
"맵기만",-0.0310061608420885
"얹는거",-0.0304276686132035
"시장통닭",-0.0298042885396981
"비빔장도맛있고",-0.0294891853022808
"여행겸",-0.0253664501914406
"안바쳐놨는지",-0.0247546043171936
"양념장도",-0.0246451596071916
"윗지방에서",-0.0240225709470342
"저번에",-0.0238922191394129
"서비스가",-0.023686793575815
"아니고",-0.0233378475847585
"두번다시는",-0.0206630709387872
"친절하다고",-0.0197248786098698
"막창도",-0.0172838767028879
"추가사진입니다",-0.0168413276895139
"사람들도",-0.0165986130258402
"코스요리도",-0.0162600506845609
"진짜맛잇던데요",-0.0162103641339182
"안좋은",-0.0158553319043234
"적극추천한다",-0.0151309609968049
"여동생라는",-0.0147495011936725
"왜가는",-0.0145925666750262
"통화중이시네요",-0.0145514714916961
"잘주고",-0.0144738687116219
"시쯤에갔는대에도불구하고",-0.0144568153404757
"떡인줄",-0.0144016029248794
"이용하는편",-0.0140866976875222
"부드럽던데",-0.0132804808626945
"최악중",-0.0130636827369732
"핫도그가격을",-0.0130504706404877
"짬뽕맛",-0.0129299070253976
"창렬임",-0.0129165584538171
"아줌마들성격ㅂㄹ",-0.0129160290962829
"빈약한거같아요",-0.0127399585932858
"시내쪽이",-0.0127107762763633
"태백보다",-0.0125901329302944
"항상여기서시키는데오늘은얼마냐고물엇더니그냥끊으시고다시걸엇더니화내시고뭐하자는건지모르겟네요",-0.0124013578787956
"안나게",-0.0124001111000551
"정말맛잇고",-0.0122890954500713
"보니깐",-0.0119115746152317
"통화료아끼세요",-0.0118340652744333
"두번째방문이지만",-0.0116573878378645
"읽었네요",-0.0115610426357079
"전두번다시가고싶지않습니다",-0.0115359535448647
"줄었네요",-0.0113200176011249
"다녀왔어요",-0.0113183361480603
"양적게주네",-0.0113086966746572
"정심먹구",-0.0112796845874728
"전화도불친절하고",-0.0107882085695517
"짬뽕과",-0.0107223976611281
"음식먹으러갔다",-0.0105891332961249
"도미노피자",-0.0105334905979888
"올라가있어서",-0.0105198506090965
"식사모습",-0.0104577607331626
"실내인테리어는",-0.0103969141995815
"많았습니다",-0.0102755222360564
"이름만",-0.0101154089601133
"한번먹어봐야겟네요",-0.010032919594269
"가까운데",-0.0100210071330306
"진심별로임",-0.009798354665927
"ㅈㄴ싸가지없음",-0.0095823627038103
"최하가",-0.00955466989009954
"영업시간을제대로써놓던가전화햇는데주문이폭주햇다는건무슨소린가욬",-0.00954029631366336
"어수선한",-0.0095125312438656
"여사장같다는생각이듬",-0.00951053677443271
"달려갔습니다",-0.00949838983654853
"운지해라",-0.00948687550466005
"여태먹어본",-0.00942450443639748
"철판으로먹다가",-0.00941195160488024
"음식도무슨",-0.00934281422990885
"안된다하고",-0.00932979968677082
"통영까지",-0.00931613901476401
"수곡동과",-0.00929715485686872
"장산점은",-0.0092956189291474
"말씀드렸었는데도",-0.00927092117602164
"중간이하",-0.00919360539944936
"속이고",-0.00918591603772212
"이래작은집은",-0.00913814062084383
"어떻게보나요",-0.00909862249279697
"쉬는지몰랏는데",-0.00909772527751243
"생각나게",-0.00906393704706959
"안그러신데",-0.00904520400431888
"조금많이주고",-0.00901070289724627
"여기빵진짜맛없는데맛없다고하시는분들그냥지인인듯",-0.00900402025255429
"다른집에서",-0.00895795863546136
"신뢰의",-0.00888968864420043
"너무뜨거워서",-0.0088332870227839
"전화안받나",-0.00875326743582129
"북경식",-0.00868343798362381
"주문이된건지",-0.00853586387768854
"첨부터끝까지",-0.00852113263585039
"케이크를",-0.00849696431605621
"얼마나오래가는지두고볼겠어",-0.00837533060865264
"양념고기에구워진마늘이곱게싸여져있었는데직원분이오셔서는애기들이구워서먹다가도로가져다놓고해서그런거같다고얘기하시네요",-0.0082648901400959
"정말돈아까웠습니다",-0.00818483720524696
"종셋트",-0.0081467550685345
"일베저리가라네요",-0.00811480656136249
"신속하게",-0.00805818427145477
"어떡하실건가요",-0.00804124927314343
"있는게없어여",-0.00791246535523987
"어제저녁에도전화안받고",-0.00785848340693528
"앉더라고요",-0.00781511683801314
"전체가",-0.00779917063074713
"아니겠지",-0.00778014178495283
"맛별로",-0.0077796425066389
"아랫분들말공감",-0.00775954470225445
"와이건좀아니다싶네요",-0.00775872223354039
"여기서비스정말별루네요",-0.0076757278180132
"안사먹음",-0.00764113920461209
"애들좀",-0.0075073682751807
"불친절해졌어요",-0.00744971129686592
"제육도",-0.00742949785117159
"기름이줄줄세서",-0.00739540467053658
"재료아낀다는",-0.00735116852609711
"최악임",-0.00734276578818435
"아줌마좀바꾸자",-0.00732867006644093
"라이스",-0.00731471991358873
"인절미",-0.00730658608064862
"이해해달라고",-0.00726702239215045
"음식을떠나",-0.00726273801546343
"ㅇㅂㅇ",-0.00721929164760044
"깻잎도",-0.00720202485338007
"뚱뚱하고",-0.00718093833764504
"이미맘상했음",-0.00710496464461726
"오뎅이더많아",-0.00706215754579887
"많이달지도않고",-0.00700480972922784
"짬뽕국물이랑",-0.00691142481235426
"쩐다는건지도모루겠고알바생은",-0.00688054594971543
"에서도",-0.00687445143273285
"친절하지않다",-0.00686545804391622
"예술임니다",-0.00685420330167484
"맛뿐만이",-0.00679683148281808
"오래된것처럼",-0.00677174595952627
"화내지마영",-0.00676599848862413
"보리밥",-0.00674975803646655
"옛터는",-0.00673462003299217
"염색하신",-0.00671752077444764
"정직과",-0.00667790799965159
"식당안은",-0.00666816802153316
"사람들줄서잇길래가봣더니",-0.006642698560308
"아오시빠",-0.00662843929632037
"알아봐야할듯",-0.00660832372197458
"들었음",-0.00657398236596501
"월일돌잔치예정인데요",-0.00655130114119913
"드럽네요",-0.00654616789512571
"원아깝지않았어요",-0.00652708940915392
"만들어논",-0.00652407351892871
"암튼다른데단골이다가옮겼다잘해달라했더니",-0.00652137461060586
"여사장",-0.00645117701433432
"볶음밥시켜먹었는데",-0.00642608693650314
"애용하고있는",-0.00636956481942526
"지역에",-0.00630815749703343
"다시한번느낌",-0.00630670417547127
"뚝배기의",-0.00629918174203171
"여수에서",-0.00619122643271324
"알바쓰레기",-0.00617067435002646
"여기갈데도",-0.00615842039582734
"분이너머서",-0.00613937719947618
"앞접시는",-0.00613634286620143
"롯데리아도방송",-0.00610523007017147
"영금정송도",-0.00608925934599315
"신선하다",-0.00608718676203234
"디자인",-0.00607001088781034
"정구지김치또한",-0.00604446256115526
"맛나다고는",-0.00602987795534418
"토하는줄알았네",-0.00599264597835618
"사이코인듯",-0.0059627208380713
"않은것",-0.00588535218248137
"본점인",-0.00587853940232853
"음식이맛있어야지",-0.00586478156301715
"다슬기중에",-0.00584809925747334
"우설보지도못했음",-0.00580840539950179
"오늘쉰다고요",-0.00578164967826397
"심각하네요",-0.00572898585085716
"이거보고",-0.00570994358456644
"아잉교",-0.00568648701827656
"음식대기",-0.00565940128807266
"사이다가지합쳐서만천원이라해서",-0.00563943791814851
"장사안함",-0.00563510959297637
"용평에",-0.00558750840341379
"안되겠더라구요",-0.00555687027830491
"달려가고",-0.00554828598179978
"요리가",-0.00542307598009059
"더시키라고지랄",-0.00542211753749255
"빼서먹는느낌이랄까",-0.00540777388221871
"아메리카노시키려고",-0.00539781319899315
"담에오던지말던지그런말투",-0.00532452766480439
"딴데는",-0.00532129088622419
"안그랫는데",-0.00526546773281059
"댓글있으면",-0.00517560049091891
"아버지께서",-0.0051310210236696
"이시발",-0.00512760825556831
"양도적음",-0.00509060098769269
"안갈듯해요",-0.00508768182078201
"다시는여기서안시킴",-0.00507979187053786
"싶으면",-0.00504074069345842
"손님인줄알았넼ㄲㄱ언제망하나",-0.00503799132147376
"안가보셨나",-0.00500305353445744
"애기일이라고",-0.00498427542200253
"믿겠다면",-0.0049243762798072
"아주비추",-0.0048818997389345
"아기자기해서",-0.00482910123983923
"어쩌라는건지",-0.00481754024820074
"뼈잇는거시켯는데진짜뼈에튀김옷입힌거진짜많네요",-0.004757395722025
"분명계산할때도매운후라이드맞아요물오보니까맞다고하샤서사왔는데",-0.0047556890491595
"포장해요",-0.00471504382256251
"다시걸면",-0.00471153158490807
"오분자기",-0.00468476466629587
"실망스러운",-0.00467710399121119
"아지트",-0.00466198652479113
"말했을",-0.00464110485463227
"와인병에",-0.00456129826676497
"비실속반찬",-0.00455506875709987
"차갑게식은음식이옴",-0.00452605562952704
"똥꾸녕으로쳐드셨나보네요",-0.00449838361500458
"바닥은",-0.00446411369005725
"유통기한까지",-0.0044483780719254
"시켰어요",-0.00439693131242397
"아닌거지",-0.00438584481897545
"연한건",-0.00438163251294313
"아니라국제",-0.00432668631286713
"안먹습니다",-0.004295075040443
"늦게먹으면",-0.00428427143142533
"풍성한",-0.00419313254623284
"시간이라고",-0.00419163916240158
"맛있길래",-0.00412145848201959
"추잡해서",-0.00411856420512008
"아니구요두번은",-0.004109505894877
"아는사람들한테이제거기시키지말라고할꺼고블로그에도올릴거에요",-0.00410318121863154
"노래가",-0.00402308748197984
"일도지구쪽에",-0.00401813775299441
"어마어마하게작네",-0.00400394584044302
"맛있겠지만",-0.00400378766706942
"서비브도받을수있나요",-0.00400121939815208
"정말기분이나쁘다",-0.00395933237072869
"친절하다는건지",-0.00388913419480881
"다른거와서",-0.003873110266903
"맛집랭킹에",-0.00386295708584149
"순식간에",-0.00384327949180454
"시장근처에",-0.00382184046628005
"자주들릴께요",-0.00382049245894224
"너무아까운집",-0.00380445601134631
"한우곱창이라",-0.00380063241176301
"뼈있는",-0.00379189179565498
"다시는가고싶지않네요",-0.00378321743872192
"색깔이",-0.00377468437964508
"집하고도",-0.00374136849342336
"들어가봤는데어쩜",-0.00372861453854972
"들으면서",-0.00369201974101007
"안시켜먹습니다",-0.00359417666816882
"있다면서데리고",-0.00358121803950333
"아들들이",-0.00355875763901265
"들르는",-0.00355104204563278
"써져잇엇능데포장용기옴",-0.00353666819979496
"김창렬이",-0.00353470262544508
"올드팝송",-0.0035336732788531
"장사했다고",-0.00351313721489503
"기절햇음",-0.00348748851316175
"준공식",-0.00346539927689644
"손님이불러도",-0.00345383897443028
"해산물도신선한편이네요",-0.00342014268006351
"안매웠어요",-0.00337146134995508
"향촌식당바로앞가게가훨씬좋을듯",-0.00336978268343574
"폐쇄했으면",-0.00333767262732163
"남겼네요",-0.00331707207260167
"생각외로",-0.00331661092122141
"초기에는",-0.00329743662324452
"깨끄하고요",-0.00329217860706943
"욕할래다참았음",-0.00326066768578097
"난모르겠네",-0.00323570194136102
"안좋네요",-0.0032326725883978
"쓰레기같애서",-0.00320773959089148
"받을만",-0.00319093386471633
"최고최고",-0.00317823208700172
"블로거들의",-0.0031715531771788
"서비스만두같은것도안가져다주고",-0.00315138414207084
"기프트콘으로",-0.00314353602777559
"절대음식",-0.00311871312942687
"더워요",-0.00311210343735284
"알려주세요",-0.00310311667143801
"식사하면",-0.00309490094744686
"만리장성",-0.00309028394319803
"낫겠네요",-0.00308753017976281
"기별이나",-0.00307661268046848
"태우시던데",-0.00307303854060391
"ㅆ들어가는욕도한것같고개소리는확실히들었구요",-0.00303881566551214
"없거나",-0.00303326829021353
"인증까지",-0.00300931339720914
"다른데와",-0.00300317461951502
"다른데로ㄱ고고싱",-0.00300024296072121
"시켜먹은게",-0.00299372152324163
"안동명주",-0.00298820613320615
"솔직히맛없는것은아니지만",-0.00295408405576985
"기다린다",-0.00294066659588501
"오리고기도",-0.00292591926524758
"한우집도",-0.00289944236462478
"빠진걸",-0.0028888948264824
"돋보이고요",-0.00287816833122143
"했는데그냥",-0.00287500379974781
"음악은",-0.00286616590618726
"찍혀있고",-0.00283712551713487
"돈주고블로거샀나봐요",-0.00282488386608671
"불친절한거",-0.00281872087373165
"정말불친절하고",-0.00279972761110154
"사람들의",-0.00279116440230871
"부산이모",-0.00278672732970171
"집이더군요",-0.00275351622717527
"기본셋팅되는",-0.00273929188272728
"카드를",-0.00272919117721575
"선창횟집이",-0.00272309462619504
"생각보다별로임",-0.00271600094441605
"수육도",-0.00270679080147246
"나오는돈도아니고후회마시길이돈으로",-0.00270565423438394
"찾아가서먹을정도아님",-0.00270099590644846
"씹히더군요",-0.00269822980403378
"한가위가족팩을",-0.00269748637162228
"늦지않았어",-0.00264891531264368
"뒷이야기다들리실정도로하시더라구요",-0.00264699502159823
"바삭해서",-0.0026377218690877
"된장찌개시겻다가",-0.00263730604340858
"랍스터는",-0.00260462996011237
"사람많다고",-0.00259266220493905
"불친절함에",-0.00257845030903108
"점심시간에갔었는데",-0.00255282837345464
"청초수",-0.00254349706237251
"깔금하고",-0.0025362662112626
"새콤하니",-0.00251777625817718
"욕마니드시고장수하세여",-0.00251251048057001
"맛있구여",-0.00250588459892794
"실속반찬이라고",-0.00248712130379069
"컵에생크림막묻혀서나오고",-0.00248395566192677
"친절도가",-0.00247768567768066
"휙던져서나오는것같고",-0.00245426374902996
"말라있어서",-0.00245246092203495
"시르네요여기",-0.00243080080971015
"하나나오고",-0.00242546773114769
"치킨먹는게훨씬",-0.00242491194594524
"네이버에도",-0.00242270236355478
"청주에도",-0.00241993934436042
"중식당",-0.0024151697317442
"쉬었다",-0.00241251974868194
"다녀봐서",-0.00241234706030375
"늘해랑맛있다고해서왔는데요맛은",-0.00241169843565112
"스키타러",-0.00241139310161274
"이런부분은",-0.00240765758589955
"비비큐먹지",-0.00240730284743524
"안튀겨져서",-0.00239410553955795
"직원은되게많으면서",-0.00238359655582652
"서초갈비집",-0.00236719569530931
"생선까스랑",-0.00233443967851777
"제주가면",-0.00233170403847909
"똑바로하쇼먹다가",-0.00232962049359457
"새로개업한",-0.00232888897738939
"김치는",-0.00232704505181745
"떡이고",-0.00231641889265501
"만이처넌",-0.00231363606503741
"생각납니다",-0.00229346122481935
"영업시간",-0.00229011694267819
"제육덮밥",-0.00228420065077865
"실가격이랑",-0.00227144909843396
"시청에",-0.00225977124883049
"표정부터가",-0.00224989069807609
"찾았습니다",-0.00223827436189369
"마음에안드는",-0.00222412073744576
"여기오지마요",-0.00220732018105269
"진짜와",-0.00220670178726732
"돋구는",-0.00220417657097585
"틀어주시드라고여",-0.00218204049157259
"아무튼그러더니",-0.00217722296472075
"기부했다",-0.00217031217698443
"첨보네그렇다고",-0.00216808047274989
"자작평점",-0.00216465434675797
"천원베가네",-0.00215995718263655
"집인것",-0.00215460720135656
"도랐나",-0.00214835971039298
"쓸데가",-0.00214623073150074
"짝퉁초코파이라던데",-0.00214489832765073
"단골이였던데로",-0.0021368716367727
"여수에",-0.00212768610159954
"카드결제하면",-0.00208685206218987
"시킬려하니깐",-0.00207879878118984
"깨끗한곳이니",-0.00207581451375362
"참고해주시길",-0.0020560697668466
"여기직원교육안시키나요",-0.00205378581555714
"맛있엇어여",-0.00205148223807756
"막장이가",-0.00204948638434982
"별루구",-0.0020421881051354
"당근은안익은것도",-0.00203867008367342
"기본이안대있어기본이",-0.00203788036593956
"진짜짜증나네요",-0.00202888993368654
"써야한다",-0.00202200749889574
"특보쌈먹었는데",-0.00199995977984827
"좋기만",-0.00199330625794888
"식사에",-0.0019922825587556
"스테이크빼다",-0.00198971769751906
"형제들끼리",-0.00198538646385412
"볶아오는데",-0.00198528742247662
"주점치곤",-0.00197760946930797
"초심이",-0.00197367129560905
"타르트롤케이크진짜맛없어서환불받고싶었다",-0.00195862058658719
"제말못알아듣더라구요분명",-0.00194642120099831
"풍성하다고",-0.00194155007706908
"엠에스쥐",-0.0019393959383693
"짬봉은",-0.0019290824366623
"책자에",-0.00190414973967075
"앞사람아이스크림을",-0.00190161816850235
"두부만",-0.00189963138208183
"알았다는",-0.00188328488056242
"종류별양별차이",-0.00188277527523551
"밋밋하고",-0.00187021395677761
"폭행을",-0.00186066449946811
"엄청불친절하고",-0.00185236724410688
"ㅅ정식을먹었는데",-0.00184472501957875
"ㅅㅂ재섭는가게네",-0.00184435946640242
"진짜어떻게뼈에살도없는데튀김옷만입혀서주냐작은닭다리도세개나잇어진짜맛도없어",-0.00183959554861877
"신다게먹고",-0.00183842919091219
"빼빼로데이라서",-0.00182664179510413
"천날만날",-0.0018244519397992
"사기친주인할아버지",-0.00180497822327486
"고소하면서",-0.00178118274880683
"정원수와",-0.00177213832218303
"샐러드인데",-0.00177032846167091
"단무지나",-0.0017624558251196
"백종원의",-0.00176064704992792
"통화하는뎈",-0.00174712113771441
"그저그랬던것",-0.00174468507368863
"꼴아박아서",-0.00173427246143927
"ㅅㅂ존나열받게하네",-0.00173379406925453
"오해를",-0.0017313925296468
"메모해",-0.00172969241968002
"구워먹고",-0.00172167773372145
"레드오리지널은기름도많고맛도없고",-0.00171817929223088
"싸가지없다",-0.00171630274303595
"없는건아니지만",-0.00171083333569579
"돈가스소스고",-0.00167557158278219
"괜찮았고요",-0.00167466702873502
"팥빙수생각보다",-0.00166831618525472
"심하네요",-0.00165270189202779
"어의가없어서원래이런건",-0.00164656467444681
"두마리",-0.00164440170563725
"창환이네가",-0.00163734881479428
"사람수많큼",-0.00163066095218746
"처음에비해",-0.00162960464604339
"그져그런",-0.00161577440891463
"생긴곳이",-0.00160524419268795
"제주시에는",-0.00160452389342156
"친절함에",-0.00159141561182146
"전혀싹싹하지않아요",-0.00158490622392754
"핫도그",-0.00157837423089468
"세개합친듯",-0.00156126537765245
"기가막히게맛있네요",-0.00155596404545114
"맛이젤없고",-0.00155267086210019
"언제나",-0.00155019498983751
"정갈한",-0.00154785886786301
"듣던거랑은",-0.0015129672015846
"사장이나종업원",-0.00151227701972974
"사진보니",-0.00151149207891968
"식사류개시켯는데",-0.00150988111072104
"분위기짜",-0.00150826031431384
"품질인증",-0.00150340408261534
"저기요",-0.0014967248006421
"전화하는건데",-0.00149428886282655
"아무리저녁시간이라고배달밀렷다지만",-0.00148972304978619
"닭고기인지",-0.00148727637454129
"제공이안된다네요",-0.00148346241461082
"기름많은데",-0.00147734510969564
"더달라고하면",-0.00147657443560917
"써있어서",-0.00145134972718706
"좀비싸네",-0.00143851494300071
"좋은평",-0.00143851406769483
"치즈불고기는맛있었는데",-0.00141849487539362
"받으시면",-0.00140416153776484
"빠지지않고",-0.00139360359226859
"지나서",-0.00138008106210106
"지금이라도",-0.00137881446586777
"환상적이었어요",-0.00137633572228317
"만오천원",-0.00137309571996398
"함니다",-0.00137076478895051
"기분만상했음",-0.0013654027575619
"제친구랑다왛는데인분인줄알고닭갈비철판구이천원이라고해서",-0.00134593220011184
"이야기를했는대",-0.00133862288630383
"ㅆㅓ있네요",-0.00133783677669725
"저것보다",-0.00133611738624569
"휴양림출장뷔페",-0.0013352491212179
"국수가",-0.00133107571287388
"순두부찌개",-0.00132059105056136
"분위기있고",-0.00131637053921501
"비싼편맛이",-0.001313536670595
"냄새가심함",-0.00130302584132264
"앞에서도",-0.00129954468808668
"용암동점이있습니다",-0.00129157360282683
"딴말하기도",-0.00127381710439597
"헐평가바",-0.00127279924794142
"중국이",-0.00126949403410145
"땅파서",-0.00126915065970597
"여기완전불친절하고",-0.00125997589858073
"안하나요",-0.00125461714547073
"장어에서도",-0.00124349493809062
"아무것도모르고",-0.0012419115969049
"시켜먹지마요",-0.00124134080088589
"시부리드니",-0.00123962936358945
"알아봐야겠군요",-0.00123782008468978
"시켜먹었는대요",-0.00122478999711935
"짱이여요",-0.00121230699824861
"해줘서",-0.00120429722437605
"헷갈려요",-0.00120238712482902
"호흡을",-0.00118860722758446
"빠따들고",-0.0011826120474727
"향이강하다싶었다",-0.00116545879611547
"식탁에",-0.00115815600511049
"실망할듯",-0.00115537807530281
"종업원이랑",-0.00115313606993119
"멀뚱멀뚱앉아있어서",-0.00115288959202162
"주문은",-0.00113788816263502
"갈골한과는",-0.00112368848244852
"두스푼",-0.00111932348321954
"전화했더니미안하다고하시고",-0.00111764031763713
"딴데가고싶을정도",-0.00111762447911261
"맛이던데",-0.00110171761203859
"다시왓는데예전그집못찾아서왓더니",-0.00109870876055265
"맛의차이가",-0.00109720224701081
"생각뿐",-0.00107508183734067
"타야함",-0.00107407539765644
"사람들다",-0.00106939433595355
"그것도모르고",-0.00106249522623148
"써잏지않나요",-0.00105655611839536
"봉추찜닭",-0.00104626690354135
"땡초각종",-0.0010317973716022
"주방으로들어가셔서",-0.00101902161558202
"그돈주고먹기아까움",-0.00100605191586015
"친절하게받음",-0.00100135181558244
"뒷쪽도",-0.000995845751917627
"추가반찬",-0.000989535406945591
"어이가없네",-0.000988408696829131
"많이다른것같군요",-0.000981664486868173
"사장님은계속죄송하다고했지만",-0.000975850025954781
"역겨움이",-0.000964926029903175
"행복으로",-0.000963017373677394
"해바라기",-0.00096295193911855
"피자안먹고말지다신안시킴가지도않을거임",-0.000948337352281144
"삼시세끼",-0.000947080836155193
"전화를끊었네요",-0.000946655534010987
"자만하고거만덩어리",-0.00093856883138937
"봄향기와",-0.000938149550482373
"예약햇는데",-0.000928402958736962
"한개씩",-0.000921841144902704
"만건지",-0.000918279253785177
"만원에드라이쇼짜잔",-0.000915704699208291
"볶음밥하나에",-0.000907375507299225
"주고요",-0.000902661242973502
"너무짜고맵고",-0.000900386595535067
"해물천지에",-0.000898458608017209
"닭이진짜",-0.000892877354747283
"이상해지고",-0.000882288741679637
"없으신거",-0.000871278826112181
"어떤한분은꼭그러네요",-0.000871191259844082
"도장도",-0.000868162762523755
"맛잇습니다",-0.000858305708633181
"보통국밥이고",-0.000857923578584981
"주변이",-0.000851583805469529
"분위기이긴해도",-0.000850422935026649
"하드만",-0.000839155581398954
"전혀고려한",-0.000832500297901155
"신포닭강정이",-0.000822079339268202
"짜증난다는",-0.000821163783546116
"만사천원아까움",-0.000821159566058818
"분통화했나",-0.000810608708136546
"년까진데",-0.000808101920298789
"순서가",-0.000804453352963953
"추천해드립니다",-0.000802116860184874
"저번엔걸걸한목소리에사투리쓰는아지매실장인지",-0.000797164908816122
"마땅치않다",-0.00078807604650725
"부담도없었어요",-0.000768945086727822
"혼자가면",-0.000757118400738502
"구미점",-0.000754712836086223
"인원은명정도예정이구요",-0.000746312219543769
"최악이에요",-0.000746087175477557
"안가게될것같아요",-0.000745602687876158
"재료대신에",-0.000739728151234093
"속살에서",-0.000730795842004337
"들어가자마",-0.000730111079231674
"인분이였다는거예요",-0.000721977387783384
"라면맛이",-0.000707112619244825
"시끄럽다고",-0.00070643587842995
"충격적인맛이에요",-0.000704856864121404
"빠진것",-0.000701580956512288
"별한개도아까운데",-0.000701323025421837
"자격지심만",-0.000698283016478723
"사실이구만",-0.000696405912654684
"진짜돈아까워요",-0.00069544740604893
"맛집중에",-0.000694445410116819
"복사한사람들",-0.000679676396464135
"많이남",-0.000678977965770389
"사람에겐",-0.00067616217768659
"천원이다하고",-0.000666175510317664
"참좋을곳",-0.000662990844042452
"인간대우받기는",-0.000661757580378413
"욕이나해대고",-0.000651985668622286
"다젖었네요",-0.00065127103317858
"혼잣말로",-0.000648532407543799
"동명항",-0.00064439291475541
"나는지",-0.000643583930636842
"직접만드신거라",-0.000642837211657024
"장사하길",-0.000641662531912042
"좋았던기억에",-0.000637401196043939
"친절도보통총점가성비가",-0.00063581747000056
"보릿골이",-0.000634683925389077
"대로변이라",-0.000628146027962653
"국산이면",-0.000615790915381521
"미안하다는말한마디없고",-0.000602548443760713
"뿐만이",-0.000599213226570356
"해놓으셨네",-0.000597559560512811
"전화도존나싸가지없네",-0.000590706388169635
"유명합니다",-0.000589921775086855
"여기보단",-0.000589081941392818
"빽빽지르시고",-0.000587276389984829
"이런사람한테",-0.000586889311558131
"되있다고",-0.00058063169654484
"여기영업안하나요",-0.000577885470289652
"붐비는",-0.000577341923593321
"하니깐",-0.00057672094938004
"대처하시길",-0.000575547639807477
"있을뿐맛은",-0.000570995203124334
"찾아가",-0.00056998200307587
"예약하려",-0.000565461569386417
"푸고있음",-0.0005653781137031
"한결같아야하는법",-0.000565219324633806
"크리스마스에",-0.000561752757983792
"베트남",-0.000557156434652752
"비추천이요",-0.00054467878549708
"오이무침",-0.000543740372708558
"절대케잌사지말라고하고싶네요",-0.000541705410519855
"사람많다고안해주고",-0.000541442103080251
"이런맛이라니",-0.000539558719439807
"잊고있었던",-0.000537925340826784
"처음만들어보는듯했음",-0.000534646466313809
"충청도에서",-0.000527595711975316
"독침맞는",-0.000523742642297183
"예의라는걸좀차리고",-0.000522024606786491
"치커리도",-0.000521786659914535
"작기는",-0.000513921176036218
"본사에쳐알아보든가",-0.000508304094155238
"해전물회",-0.000508132106444881
"별로던데요",-0.000506581634732685
"사이드미러에",-0.000501300114527774
"치는거",-0.000500512416925041
"지랄하는",-0.00049317484428464
"많이찾는",-0.00049211188574152
"지들이",-0.000491575630279193
"열받아서적고있음",-0.000491460852712301
"하시나",-0.00048988921507993
"왜요라하니깐",-0.000486775312351808
"네이버에서도",-0.00048657372699011
"백두산을",-0.000482959037848161
"잠시들렸는데",-0.000480018236727593
"궁한건지",-0.000479381715407961
"이시바욕존나나오네",-0.000475952908610451
"여기가제일괜찮아서",-0.000467779417552942
"국물을",-0.000456963928796059
"맛잇나보네요",-0.000453698386678935
"이러면",-0.000453483778940857
"왈왈왈",-0.000431708195443028
"잔소리죠",-0.000422798033700657
"찍히고",-0.000421637870237036
"있을듯",-0.000419841316538302
"좌식예약",-0.000413200131349814
"나중에온",-0.000411343302433605
"전통식품",-0.000405939858370725
"이따구로장사하시지마시구요",-0.000403687756250592
"서울올라왔네요",-0.000393288452571255
"프랜차이즈",-0.000387672873954758
"견해로서",-0.000384430941868932
"결재방법을",-0.000374352408966762
"낚이는",-0.000368548404697059
"첨봅니다",-0.000366308179390732
"주문도제대로받지도못하고요",-0.000360172270639365
"포인트적립도",-0.000359479557277211
"장사할생각없어보임",-0.000359298808379713
"일단푸짐",-0.000355980514919274
"산격호점",-0.000349288234612375
"찜하고",-0.000340261082791243
"출장뷔페",-0.000332956817004898
"재탕하는거같아요",-0.000325532230581275
"이미지는",-0.000324813914062762
"먹어봤는데요",-0.000320366383093625
"한개여",-0.000310903350875098
"이런댓글들",-0.00030772619138994
"쫄깃쫄깃한",-0.000300749886954194
"이러네",-0.000299491815979863
"주문은받고",-0.00029858110458411
"하던중",-0.000296984194391581
"일하는여자분이",-0.00029644288894043
"하시는게",-0.000293409178310041
"얼만데",-0.000288475738303384
"더달라고하냐며",-0.000282367747240752
"은은한조명에",-0.000272582046020066
"집이예요",-0.000270585189221683
"쟁반하나에",-0.000267245091281522
"장사가뭐라고",-0.000255741723018165
"이지점은",-0.000254175846159619
"됐지뭘",-0.000247831127779289
"음악이",-0.000243184568851246
"이런싸가지없는",-0.000235255283909989
"음식줄때도",-0.000228429023396597
"다르냐",-0.000212014841817871
"허니콤보는늘안됨",-0.000211643891005221
"다먹어봣는데",-0.000210162272857191
"데코나",-0.0002081657511047
"일품이군요",-0.000207190931624177
"동시에",-0.000203998622170338
"어플가격이랑",-0.000198722934107296
"입맛을잃게만드는매력이",-0.000194768039921988
"예의가",-0.000190048894784609
"더좋은곳도있음내가전보다",-0.000186770663461433
"돈주고산건데",-0.00018161954182905
"속초경제",-0.000169451142139704
"장사는",-0.000163871102630384
"색상조화라던지",-0.000161991852531781
"귀찮은데도",-0.000155093269749396
"국제외식출장뷔페",-0.00015107145567361
"빵집보다",-0.000149141494488897
"대답만하고",-0.000146482041028722
"비추임",-0.000145962721406053
"뻑뻑하고",-0.000145717861437469
"후회돼요",-0.000145163925340421
"사장같지",-0.000143542451303786
"솔직히말하면",-0.000142293213162432
"음식퀄리티대비",-0.000142004039560317
"흠이지만",-0.000132999134052785
"부실합니다",-0.000131227797575937
"짬뽕둘중에",-0.000130281867673531
"육계장도",-0.000128703875389391
"집인지도",-0.000128615322254908
"책자에는포장용기에서그릇배달로바꼇다고",-0.000123836035698883
"서면군대",-0.000123041275814519
"음식간은",-0.000122457741928316
"직원들한테",-0.000121904926888361
"본죽사건처럼",-0.000118758354201809
"자기내꺼라",-0.000114023674464357
"사고당하셨다는데",-0.000113463180958949
"좋길래",-0.000112850591409871
"별루요",-0.000110947812319218
"바삭하지도",-0.000105344479339732
"주인바뀌기전엔",-0.000103457350387579
"주의하세요회센타",-0.000101516874096532
"방금다녀왔는데",-0.0000989491492038915
"천원임",-0.0000984585856834054
"먹다보니",-0.00009729279892474
"보쌈은",-0.0000965652862196837
"영업시간안에",-0.0000959466401081336
"영월동강다슬기를",-0.0000953618440349679
"제가매운후라이드있냐고먼저물어봤더니있다구하셔서",-0.000093977309970753
"카프레제",-0.0000920816768618417
"배가불렀네요그냥",-0.0000907449920006145
"어떤시대인데",-0.0000900121423010048
"안하면서",-0.0000895450190574689
"별로구여",-0.0000891287955175493
"매운김밥이",-0.000088232756756669
"보통이에요",-0.0000855003782771959
"별한개도아까움",-0.0000837450991733207
"진짜돈에만환장한것같아요",-0.0000813065847175749
"상남에딴데가여",-0.0000811760877316832
"양파는",-0.0000801227621307393
"몇개들어간거",-0.0000798353681952449
"어머니께서",-0.0000793393500709818
"부른건지",-0.0000789215208343876
"yonhapnews",-0.0000771271094773431
"벌써부터",-0.0000726793491063265
"괜찮은곳",-0.0000724014533455694
"불친절까지",-0.0000721000818996198
"진짜개분",-0.0000719075310613325
"받나요",-0.0000705578029829546
"동래구수",-0.0000703742066041417
"발전에",-0.0000695486902225157
"배가쳐불러서",-0.0000671761674202148
"필요없음을",-0.0000668765256658235
"시간엔",-0.0000666583898594805
"혼자하는지",-0.0000662385474056211
"피물만살짝",-0.0000659035728230153
"매우불만족스러웠습니다",-0.0000649848707066987
"방송에도",-0.0000646458110052357
"별한개도진짜아까움",-0.0000637993597905332
"장사하는거같아",-0.0000626137170983935
"진짜사장싸가지없네요",-0.0000625887229279085
"예쁜데",-0.0000623876683509787
"뭐시켰었는데",-0.0000621639219119438
"면죄분가",-0.0000616253952202228
"의심스러웠음다신안먹음",-0.0000598063962869602
"밥먹기는",-0.0000595527564862612
"우리는",-0.0000593124698306764
"배달되냐고",-0.0000590932582749833
"촌시려움",-0.0000584089390486876
"불친절할뿐더러",-0.0000583364795991861
"이벤트나",-0.0000580424383292577
"반하고이쁘신",-0.00005784115182399
"먹다가비위상해서왔네요",-0.0000565405760915157
"못들어가게하더니",-0.0000551623039895191
"몰얼마나",-0.0000544111122587909
"버섯샐러드는괜춘",-0.0000535313493752791
"친절한집",-0.000051711867307731
"메뉴에있는거",-0.0000505139886312717
"먹을까했는데",-0.0000499354172915788
"홍합만",-0.0000499258514487597
"생각안하고",-0.0000496209129595229
"표정으로와요",-0.0000483614317791936
"바로근처인데한그릇배달도안된다고기분나쁘게말하구",-0.0000477968101988515
"면발입맛",-0.000046200133969278
"멸치랑",-0.0000457153206159943
"별론데",-0.0000437013653921987
"하나시켰는데",-0.0000435518476596501
"역대간야유회식당중최악",-0.0000430099206232412
"호주산샤브시켰는데다먹고나니한우샤브샤브였더라고요주문잘못받아놓고죄송하단말한마디없고",-0.0000414286037418767
"튀겨서",-0.0000410881213654239
"별로네여",-0.0000399183904595121
"배고파서꾸역꾸역먹엇는데이제안시켜먹음",-0.0000390853411206957
"모자르고",-0.0000390638630649618
"krbulletinakr",-0.0000386015241134498
"미칫나엿같은것들",-0.0000374677309178177
"주차시",-0.0000364164592022916
"샤브샤브란",-0.0000355604502460042
"무슨만두",-0.0000350446599095243
"먹었어요그런데",-0.0000349795087148496
"돈으로",-0.000034894952358942
"별하나도아깝네요",-0.0000342793487877459
"쿠폰안받으면",-0.0000335098065208009
"크게인분이상이라고",-0.0000334856475513894
"타서옴",-0.0000333938186712283
"컨셉이",-0.000032823344954993
"목소리만크지",-0.0000327936719911375
"여행하고",-0.0000322428165091571
"않나는거",-0.0000318446693997646
"인간들임",-0.0000304761140061513
"자자자",-0.0000302760686737379
"카드결제한다고",-0.0000302255693639393
"물회중에",-0.0000296020907666256
"별로라먹는도중에",-0.0000291520191143657
"맞도좋고",-0.0000276525925111233
"겁나불친절에",-0.000027538677074397
"주인아주머니가",-0.0000274769974195652
"주문과",-0.0000272915341585897
"생긴지얼마나됬다고",-0.0000268156770379993
"하나밖에",-0.0000267770695189072
"모르겟지만소비자들",-0.0000267219428543551
"명예훼손으로",-0.0000267171919279359
"몇달지나서가니",-0.0000260838916468277
"주문을하고우리동네가아닌데까지전홰해서차까지끌고가서사가져왔는데",-0.0000250550517579589
"주문제작하고싶은데",-0.0000249747763896184
"주문을하려고전화했는데",-0.0000249294361068423
"많을까봐",-0.000024290604818366
"별다를거없어요",-0.0000242455348422338
"무시하면",-0.0000237982827136326
"통화음가게하질말던가",-0.0000227323609127821
"무슨떡볶이가",-0.000022390968311979
"맛있기만하구만",-0.0000213848829505365
"테이프컷팅",-0.0000200523519771092
"치킨색도",-0.0000196560198757555
"먹는다는",-0.000019368166989886
"배달도안되고",-0.0000185652746040298
"검은옷입고키작으신분",-0.0000178719569751495
"직원교육똑바로시켜요",-0.0000172271259689545
"쇠고기야채죽시켯음",-0.0000170871688198632
"걸리고",-0.0000168119307519343
"배고픈중이라",-0.0000163894143104606
"벌레분들이",-0.0000163005565268548
"맛대가리없음",-0.0000149099182632015
"단케잌하나",-0.0000145328524495982
"닭갈비와",-0.0000145223116934585
"단골인데배신때림",-0.0000140471473928182
"망치고",-0.0000133955236692427
"입니당",-0.0000127915678396107
"타지분들은",-0.0000124856028265387
"현지인도",-0.0000124010227852879
"툭툭던져서",-0.000011399302242582
"윗사람같다보이지않앗고",-0.00000948764197642421
"조용필",-0.00000946110595787754
"실망했는데",-0.00000849488821680755
"친절하지않더군요",-0.00000832882268535397
"평점안주기없어요",-0.00000831703534436505
"대단하죠",-0.00000831553065555695
"아가씨들은",-0.00000758458747853063
"어이상실",-0.0000075685534204983
"명실공히",-0.00000721364048486393
"충분히맛잇게만들수",-0.00000718272321054455
"경우인가",-0.0000061576478023994
"안바꿔주시는",-0.00000598733324384387
"무채조금이랑",-0.00000545299565749922
"방송안",-0.00000431852025926911
"제작해야될지싶은생각이들어",-0.00000391881204208348
"여기주로먹었는데",-0.00000380049476741586
"남김니다",-0.00000376746922243418
"여기존나",-0.00000370568185418648
"짜장면아니면",-0.00000364938653629442
"초밥에",-0.00000349011357771341
"뭐해요",-0.00000344512241191675
"가격만올리고",-0.00000331746176812556
"못시켜먹겠다",-0.00000310707798329383
"후추가루덩어리가",-0.00000295066642441094
"쿠키들에",-0.00000264498873827089
"번넘게전화했는데",-0.00000207513055737049
"식사할땐",-0.0000019206984230106
"댓글안달려고햇는데",-0.00000177645571173221
"매콤한맛",-0.00000159206896508132
"샤브샤브도",-0.00000113594948748094
"대천에",-0.00000105802398955868
"예전에도",-0.00000101804246418157
"뿐인데",-0.000000983814276263571
"모르는게",-0.000000864608940601121
"음료수는",-0.000000702636509422262
"궁시렁거리기나하고쓰레빠찍찍끌고댕기면서",-0.000000352089147230755
"이런전화도할시간이없습니다",-0.000000145996354571164
"본토막창",-0.0000000737408846317734
"방송탄것들",-0.0000000398408245474481
"멸치다시국물쎈불로",-0.0000000380334929049588
"닭냄새가",-0.0000000216837093894932
"기름통을",-0.000000000000591129986974981
"니지생겼으면",-0.000000000000548906385346735
"신선하지않다",-0.0000000000000785483038754065
"만원을쓰다니절라아깝다",-0.0000000000000651982401564004
"제육덮밥은",-0.0000000000000512271445490346
"제입맛에는",-0.0000000000000487434858771485
"타지분들이시면",-0.0000000000000465691489331513
"아니라안정성까지",-0.000000000000042534083352363
"다슬기해장국이",-0.0000000000000397398953237078
"동래백화점뒤",-0.0000000000000384980230912306
"볶아와서",-0.0000000000000369456375838492
"inputm뉴스",-0.0000000000000332200684661519
"요리사의",-0.0000000000000322886655875442
"와인시키니",-0.0000000000000316677168649376
"치세요",-0.0000000000000291839804222505
"개싸가지야",-0.0000000000000211118103964913
"주차장엔",-0.000000000000020180396181695
"정말화가나네요",-0.0000000000000170757436320385
"밥먹는데",-0.0000000000000161443295952875
"여수여행을",-0.0000000000000152129126421736
"통화음가는데안받고",-0.0000000000000145919804573088
"쇠고기야채죽인데",-0.0000000000000121082644803809
"짬뽕국물에서",-0.000000000000010245430791577
"빵집이",-0.00000000000000683028730873098
"명예훼손은무슨",-0.00000000000000186281011467474
"모른다고배째라네",-0.0000000000000018628076777149
"당근죽인줄",-0.000000000000000310468320009768
"통화중이라고",-0.000000000000000310467669304443
